0x1c04e940:	0xfefeffff	0xfefefeff	0xfefeffff	0xfefefefe
0x1c04e950:	0xfeffffff	0xfffefffe	0xfefefefe	0xfffffffe
0x1c04e960:	0xfefffeff	0xfefefefe	0xfefffefe	0xfefefeff
0x1c04e970:	0xfefefffe	0xfefefefe	0xfffffefe	0xfefffefe
0x1c04e980:	0xfefefffe	0xfefefefe	0xfffefffe	0xfefefffe
0x1c04e990:	0xfffefffe	0xfefffeff	0xfefefffe	0xfefefefe
0x1c04e9a0:	0xfffffefe	0xfefffeff	0xfffefeff	0xfefefefe
0x1c04e9b0:	0xfefffffe	0xfefffeff	0xfefefeff	0xfffffeff
0x1c04e9c0:	0xfefefffe	0xfefefeff	0xfefefefe	0xfefefefe
0x1c04e9d0:	0xfffffeff	0xfffefefe	0xfefffffe	0xfefefefe
0x1c04e9e0:	0xfefefeff	0xfffefffe	0xfefefffe	0xfffefefe
0x1c04e9f0:	0xfefefefe	0xfefefefe	0xfefefefe	0xfefefefe
0x1c04ea00:	0xfffefefe	0xfefefefe	0xfefefeff	0xfefefeff
0x1c04ea10:	0xfefeffff	0xfefefefe	0xfffefffe	0xfefffefe
0x1c04ea20:	0xfdfefefe	0xfefefefe	0xfefefefe	0xfefefeff
0x1c04ea30:	0xfefefefe	0xfefffefe	0xfffefefe	0xfefefefe
0x1c04ea40:	0xfefffefe	0xfefefffe	0xfefffefe	0xfffefffe
0x1c04ea50:	0xfefffefe	0xfefefefe	0xfffefefe	0xfefffefe
0x1c04ea60:	0xfefefefe	0xfefffefe	0xfefefefe	0xfefefefe
0x1c04ea70:	0xfffffefe	0xfefefefe	0xfffefefe	0xfefefeff
0x1c04ea80:	0xfffefefe	0xfefefefe	0xfffffefe	0xfefefefe
0x1c04ea90:	0xfefefefe	0xfefefefe	0xfefefefe	0xfefffefe
0x1c04eaa0:	0xfefefefe	0xfffffefe	0xfefffffe	0xfffefefe
0x1c04eab0:	0xfefefffe	0xfefffefe	0xfefefffe	0xfefefefe
0x1c04eac0:	0xfffefefe	0xfefefeff	0xfefeffff	0xfefefefe
0x1c04ead0:	0xfffefefe	0xfefefefe	0xfefefefe	0xfffefefe
0x1c04eae0:	0xfefefefe	0xfefefeff	0xfefffefe	0xfefefffe
0x1c04eaf0:	0xfefefefe	0xfefefefe	0xfefefefe	0xfefefefe
0x1c04eb00:	0xfefefefe	0xfefefefe	0xfefefeff	0xfefefefe
0x1c04eb10:	0xfefefefe	0xfdfefdfe	0xfdfefefe	0xfefefefe
0x1c04eb20:	0xfefefefe	0xfffefefd	0xfefffefe	0xfefefefe
0x1c04eb30:	0xfefffefe	0xfefefefe	0xfefefefe	0xfefefefe
0x1c04e940:	0xfcfcfcfd	0xfcfcfcfc	0xfcfcfefc	0xfcfcfcfc
0x1c04e950:	0xfcfcfcfc	0xfcfcfefc	0xfcfcfcfc	0xfefefcfc
0x1c04e960:	0xfcfcfcfe	0xfcfcfcfc	0xfcfcfcfc	0xfcfcfcfc
0x1c04e970:	0xfcfcfefc	0xfcfcfcfc	0xfdfefcfc	0xfcfefcfc
0x1c04e980:	0xfcfcfefc	0xfcfcfcfc	0xfefcfefc	0xfdfcfefc
0x1c04e990:	0xfcfcfcfc	0xfcfcfcfe	0xfcfcfdfc	0xfcfcfcfc
0x1c04e9a0:	0xfdfefcfc	0xfdfdfcfc	0xfdfcfcfc	0xfcfcfcfc
0x1c04e9b0:	0xfcfcfefc	0xfcfdfcfd	0xfcfcfcfe	0xfcfcfcfd
0x1c04e9c0:	0xfcfcfcfc	0xfcfcfcfc	0xfcfcfcfc	0xfcfcfcfc
0x1c04e9d0:	0xfefcfcfc	0xfefcfcfc	0xfcfdfefc	0xfcfcfcfc
0x1c04e9e0:	0xfcfcfcfe	0xfefcfdfc	0xfcfcfcfc	0xfefcfcfc
0x1c04e9f0:	0xfcfcfcfc	0xfcfdfcfc	0xfcfcfcfc	0xfcfcfcfc
0x1c04ea00:	0xfdfcfcfc	0xfcfdfcfc	0xfdfcfcfd	0xfcfcfcfe
0x1c04ea10:	0xfcfcfdfc	0xfcfcfcfc	0xfdfcfdfc	0xfcfdfcfd
0x1c04ea20:	0xfcfcfcfc	0xfdfcfcfc	0xfcfcfcfc	0xfcfcfcfe
0x1c04ea30:	0xfcfcfcfc	0xfcfcfcfc	0xfefcfcfc	0xfcfcfcfc
0x1c04ea40:	0xfcfdfcfc	0xfcfdfdfc	0xfdfefdfd	0xfefcfcfd
0x1c04ea50:	0xfcfcfcfc	0xfcfcfcfd	0xfdfcfcfc	0xfcfdfcfc
0x1c04ea60:	0xfdfcfcfd	0xfcfdfcfc	0xfcfcfcfd	0xfcfcfcfc
0x1c04ea70:	0xfefdfcfc	0xfcfcfcfd	0xfefcfcfc	0xfcfcfcfc
0x1c04ea80:	0xfdfcfcfc	0xfcfcfcfc	0xfefefcfc	0xfcfcfcfd
0x1c04ea90:	0xfcfcfcfc	0xfcfcfcfc	0xfcfcfcfc	0xfcfefcfc
0x1c04eaa0:	0xfcfcfcfc	0xfdfefdfc	0xfdfdfdfc	0xfefdfcfc
0x1c04eab0:	0xfcfcfefc	0xfcfcfcfc	0xfcfcfefc	0xfcfcfcfc
0x1c04eac0:	0xfdfcfcfc	0xfdfcfdfc	0xfcfcfdfc	0xfcfcfdfc
0x1c04ead0:	0xfdfcfcfc	0xfdfcfcfc	0xfcfcfcfd	0xfefcfcfc
0x1c04eae0:	0xfcfcfcfc	0xfcfcfcfd	0xfdfdfcfd	0xfcfcfdfc
0x1c04eaf0:	0xfdfcfdfc	0xfdfcfcfc	0xfcfdfcfc	0xfdfcfcfc
0x1c04eb00:	0xfcfcfcfd	0xfcfcfdfc	0xfcfcfdfd	0xfdfdfcfd
0x1c04eb10:	0xfdfcfcfc	0xfcfcfcfc	0xfcfcfcfc	0xfcfcfcfd
0x1c04eb20:	0xfcfcfcfc	0xfdfcfdfc	0xfcfdfcfc	0xfcfcfdfc
0x1c04eb30:	0xfcfefcfd	0xfcfcfcfc	0xfcfcfcfc	0xfcfcfcfc
0x1c04e940:	0xfcfcfcfe	0xfcfcfcfc	0xfcfcfefc	0xfcfcfcfc
0x1c04e950:	0xfcfcfcfc	0xfcfcfefc	0xfcfcfcfc	0xfefefcfc
0x1c04e960:	0xfcfcfcfe	0xfcfcfcfc	0xfcfcfcfc	0xfcfcfcfc
0x1c04e970:	0xfcfcfefc	0xfcfcfcfc	0xfefefcfc	0xfcfefcfc
0x1c04e980:	0xfcfcfefc	0xfcfcfcfc	0xfefcfefc	0xfdfcfefc
0x1c04e990:	0xfcfcfcfc	0xfcfdfcfe	0xfcfcfcfc	0xfcfcfcfc
0x1c04e9a0:	0xfcfcfcfc	0xfdfefcfc	0xfcfcfcfc	0xfcfcfcfc
0x1c04e9b0:	0xfcfcfefc	0xfcfdfcfd	0xfcfcfcfe	0xfdfcfcfd
0x1c04e9c0:	0xfcfcfcfc	0xfcfcfcfc	0xfcfcfcfc	0xfcfcfcfc
0x1c04e9d0:	0xfdfcfcfc	0xfefcfcfc	0xfcfcfefc	0xfcfcfcfc
0x1c04e9e0:	0xfcfcfcfe	0xfefcfefc	0xfcfcfcfc	0xfefcfcfc
0x1c04e9f0:	0xfcfcfcfc	0xfcfcfcfc	0xfcfcfcfc	0xfcfcfcfc
0x1c04ea00:	0xfdfcfcfc	0xfcfdfcfc	0xfdfcfcfd	0xfcfcfcfe
0x1c04ea10:	0xfcfcfdfc	0xfcfcfcfc	0xfdfcfefc	0xfcfdfcfd
0x1c04ea20:	0xfcfcfcfc	0xfdfcfdfc	0xfcfcfcfc	0xfcfcfcfe
0x1c04ea30:	0xfcfcfcfc	0xfcfcfcfc	0xfefcfcfc	0xfcfcfcfc
0x1c04ea40:	0xfdfdfcfc	0xfcfdfdfc	0xfdfdfdfd	0xfefcfcfd
0x1c04ea50:	0xfcfdfcfc	0xfcfcfcfc	0xfdfcfcfc	0xfdfcfcfc
0x1c04ea60:	0xfdfcfcfd	0xfcfdfcfc	0xfcfcfcfd	0xfcfcfcfc
0x1c04ea70:	0xfefdfcfc	0xfcfcfcfd	0xfefcfcfc	0xfcfcfcfc
0x1c04ea80:	0xfdfcfcfc	0xfdfcfcfc	0xfefefcfc	0xfcfdfcfd
0x1c04ea90:	0xfcfcfcfc	0xfcfcfcfc	0xfcfcfcfc	0xfcfefcfc
0x1c04eaa0:	0xfcfcfcfc	0xfdfefdfc	0xfdfdfdfc	0xfdfdfcfc
0x1c04eab0:	0xfcfcfefc	0xfcfcfcfc	0xfcfcfefc	0xfcfcfcfc
0x1c04eac0:	0xfdfcfcfc	0xfdfcfdfc	0xfcfcfdfc	0xfcfcfdfc
0x1c04ead0:	0xfcfcfcfc	0xfdfcfcfc	0xfcfcfcfd	0xfefcfcfc
0x1c04eae0:	0xfcfcfcfc	0xfcfcfcfd	0xfcfdfcfd	0xfcfcfdfc
0x1c04eaf0:	0xfdfcfdfc	0xfcfcfcfc	0xfcfdfcfc	0xfcfcfcfc
0x1c04eb00:	0xfcfdfcfd	0xfcfcfdfc	0xfcfcfdfd	0xfdfdfcfd
0x1c04eb10:	0xfdfcfcfc	0xfcfcfcfc	0xfcfcfcfc	0xfcfcfcfc
0x1c04eb20:	0xfcfcfcfc	0xfdfcfdfc	0xfcfdfcfc	0xfcfcfdfc
0x1c04eb30:	0xfcfdfcfc	0xfcfcfcfc	0xfcfcfcfc	0xfcfcfcfc
